idx,name
1,demand
1,head
1,demand
1,head
1,demand
1,head
1,demand
1,head
1,demand
1,head
1,demand
1,head
1,demand
1,head
1,demand
1,head
1,demand
1,head
1,demand
1,head
1,demand
1,head
1,demand
1,head
1,demand
1,head
1,demand
1,head
1,demand
1,head
1,demand
1,head
1,demand
1,head
1,demand
1,head
1,demand
1,head
1,demand
1,head
1,demand
1,head
1,demand
1,head
1,demand
1,head
1,demand
1,head
1,demand
1,head
1,demand
1,head
1,demand
1,head
1,demand
1,head
1,demand
1,head
1,demand
1,head
1,demand
1,head
1,demand
1,head
1,demand
1,head
1,demand
1,head
1,demand
1,head
1,demand
1,head
1,demand
1,head
1,demand
1,head
1,demand
1,head
1,demand
1,head
1,demand
1,head
1,demand
1,head
1,demand
1,head
1,demand
1,head
1,demand
1,head
1,demand
1,head
1,demand
1,head
1,demand
1,head
1,demand
1,head
1,demand
1,head
1,demand
1,head
1,demand
1,head
1,demand
1,head
1,demand
1,head
1,demand
1,head
1,demand
1,head
1,demand
1,head
1,demand
1,head
1,demand
1,head
1,demand
1,head
1,demand
1,head
1,demand
1,head
1,demand
1,head
1,demand
1,head
1,demand
1,head
1,demand
1,head
1,demand
1,head
1,demand
1,head
1,demand
1,head
1,demand
1,head
1,demand
1,head
1,demand
1,head
1,demand
1,head
1,demand
1,head
1,demand
1,head
1,demand
1,head
1,demand
1,head
1,demand
1,head
1,demand
1,head
1,demand
1,head
1,demand
1,head
1,demand
1,head
1,demand
1,head
1,demand
1,head
1,demand
1,head
1,demand
1,head
1,demand
1,head
1,demand
1,head
1,demand
1,head
1,demand
1,head
1,demand
1,head
1,demand
1,head
1,demand
1,head
1,demand
1,head
1,demand
1,head
1,demand
1,head
1,demand
1,head
1,demand
1,head
1,demand
1,head
1,demand
1,head
1,demand
1,head
1,demand
1,head
1,demand
1,head
1,demand
1,head
1,demand
1,head
1,demand
1,head
1,demand
1,head
1,demand
1,head
1,demand
1,head
1,demand
1,head
1,demand
1,head
1,demand
1,head
1,demand
1,head
1,demand
1,head
1,demand
1,head
1,demand
1,head
1,demand
1,head
1,demand
1,head
1,demand
1,head
1,demand
1,head
1,demand
1,head
1,demand
1,head
1,demand
1,head
1,demand
1,head
1,demand
1,head
1,demand
1,head
1,demand
1,head
1,demand
1,head
1,demand
1,head
1,demand
1,head
1,demand
1,head
1,demand
1,head
1,demand
1,head
1,demand
1,head
1,demand
1,head
1,demand
1,head
1,demand
1,head
1,demand
1,head
1,demand
1,head
1,demand
1,head
1,demand
1,head
1,demand
1,head
1,demand
1,head
1,demand
1,head
1,demand
1,head
1,demand
1,head
1,demand
1,head
1,demand
1,head
1,demand
1,head
1,demand
1,head
1,demand
1,head
1,demand
1,head
1,demand
1,head
1,demand
1,head
1,demand
1,head
1,demand
1,head
1,demand
1,head
1,demand
1,head
1,demand
1,head
1,demand
1,head
1,demand
1,head
1,demand
1,head
1,demand
1,head
1,demand
1,head
1,demand
1,head
1,demand
1,head
1,demand
1,head
1,demand
1,head
1,demand
1,head
1,demand
1,head
1,demand
1,head
1,demand
1,head
1,demand
1,head
1,demand
1,head
1,demand
1,head
1,demand
1,head
1,demand
1,head
1,demand
1,head
1,demand
1,head
1,demand
1,head
1,demand
1,head
1,demand
1,head
1,demand
1,head
1,demand
1,head
1,demand
1,head
1,demand
1,head
1,demand
1,head
1,demand
1,head
1,demand
1,head
1,demand
1,head
1,demand
1,head
1,demand
1,head
1,demand
1,head
1,demand
1,head
1,demand
1,head
1,demand
1,head
1,demand
1,head
1,demand
1,head
1,demand
1,head
1,demand
1,head
1,demand
1,head
1,demand
1,head
1,demand
1,head
1,demand
1,head
1,demand
1,head
1,demand
1,head
1,demand
1,head
1,demand
1,head
1,demand
1,head
1,demand
1,head
1,demand
1,head
1,demand
1,head
1,demand
1,head
1,demand
1,head
1,demand
1,head
1,demand
1,head
1,demand
1,head
1,demand
1,head
1,demand
1,head
1,demand
1,head
1,demand
1,head
1,demand
1,head
1,demand
1,head
1,demand
1,head
1,demand
1,head
1,demand
1,head
1,demand
1,head
1,demand
1,head
1,demand
1,head
1,demand
1,head
1,demand
1,head
1,demand
1,head
1,demand
1,head
1,demand
1,head
1,demand
1,head
1,demand
1,head
1,demand
1,head
1,demand
1,head
1,demand
1,head
1,demand
1,head
1,demand
1,head
1,demand
1,head
1,demand
1,head
1,demand
1,head
1,demand
1,head
1,demand
1,head
1,demand
1,head
1,demand
1,head
1,demand
1,head
1,demand
1,head
1,demand
1,head
1,demand
1,head
1,demand
1,head
1,demand
1,head
1,demand
1,head
1,demand
1,head
1,demand
1,head
1,demand
1,head
1,demand
1,head
1,demand
1,head
1,demand
1,head
1,demand
1,head
1,demand
1,head
1,demand
1,head
1,demand
1,head
1,demand
1,head
1,demand
1,head
1,demand
1,head
1,demand
1,head
1,demand
1,head
1,demand
1,head
1,demand
1,head
1,demand
1,head
1,demand
1,head
1,demand
1,head
1,demand
1,head
1,demand
1,head
1,demand
1,head
1,demand
1,head
1,demand
1,head
1,demand
1,head
1,demand
1,head
1,demand
1,head
1,demand
1,head
1,demand
1,head
1,demand
1,head
1,demand
1,head
1,demand
1,head
1,demand
1,head
1,demand
1,head
1,demand
1,head
1,demand
1,head
1,demand
1,head
1,demand
1,head
1,demand
1,head
1,demand
1,head
1,demand
1,head
1,demand
1,head
1,demand
1,head
1,demand
1,head
1,demand
1,head
1,demand
1,head
1,demand
1,head
1,demand
1,head
1,demand
1,head
1,demand
1,head
1,demand
1,head
1,demand
1,head
1,demand
1,head
1,demand
1,head
1,demand
1,head
1,demand
1,head
1,demand
1,head
1,demand
1,head
1,demand
1,head
1,demand
1,head
1,demand
1,head
1,demand
1,head
1,demand
1,head
1,demand
1,head
1,demand
1,head
1,demand
1,head
1,demand
1,head
1,demand
1,head
1,demand
1,head
1,demand
1,head
1,demand
1,head
1,demand
1,head
1,demand
1,head
1,demand
1,head
1,demand
1,head
1,demand
1,head
1,demand
1,head
1,demand
1,head
1,demand
1,head
1,demand
1,head
1,demand
1,head
1,demand
1,head
1,demand
1,head
1,demand
1,head
1,demand
1,head
1,demand
1,head
1,demand
1,head
1,demand
1,head
1,demand
1,head
1,demand
1,head
1,demand
1,head
1,demand
1,head
1,demand
1,head
1,demand
1,head
1,demand
1,head
1,demand
1,head
1,demand
1,head
1,demand
1,head
1,demand
1,head
1,demand
1,head
1,demand
1,head
1,demand
1,head
1,demand
1,head
1,demand
1,head
1,demand
1,head
1,demand
1,head
1,demand
1,head
1,demand
1,head
1,demand
1,head
1,demand
1,head
1,demand
1,head
1,demand
1,head
1,demand
1,head
1,demand
1,head
1,demand
1,head
1,demand
1,head
1,demand
1,head
1,demand
1,head
1,demand
1,head
1,demand
1,head
1,demand
1,head
1,demand
1,head
1,demand
1,head
1,demand
1,head
1,demand
1,head
1,demand
1,head
1,demand
1,head
1,demand
1,head
1,demand
1,head
1,demand
1,head
1,demand
1,head
1,demand
1,head
1,demand
1,head
1,demand
1,head
1,demand
1,head
1,demand
1,head
1,demand
1,head
1,demand
1,head
1,demand
1,head
1,demand
1,head
1,demand
1,head
1,demand
1,head
1,demand
1,head
1,demand
1,head
1,demand
1,head
1,demand
1,head
1,demand
1,head
1,demand
1,head
1,demand
1,head
1,demand
1,head
1,demand
1,head
1,demand
1,head
1,demand
1,head
1,demand
1,head
1,demand
1,head
1,demand
1,head
1,demand
1,head
1,demand
1,head
1,demand
1,head
1,demand
1,head
1,demand
1,head
1,demand
1,head
1,demand
1,head
1,demand
1,head
1,demand
1,head
1,demand
1,head
1,demand
1,head
1,demand
1,head
1,demand
1,head
1,demand
1,head
1,demand
1,head
1,demand
1,head
1,demand
1,head
1,demand
1,head
1,demand
1,head
1,demand
1,head
1,demand
1,head
1,demand
1,head
1,demand
1,head
1,demand
1,head
1,demand
1,head
1,demand
1,head
1,demand
1,head
1,demand
1,head
1,demand
1,head
1,demand
1,head
1,demand
1,head
1,demand
1,head
1,demand
1,head
1,demand
1,head
1,demand
1,head
1,demand
1,head
1,demand
1,head
1,demand
1,head
1,demand
1,head
1,demand
1,head
1,demand
1,head
1,demand
1,head
1,demand
1,head
1,demand
1,head
1,demand
1,head
1,demand
1,head
1,demand
1,head
1,demand
1,head
1,demand
1,head
1,demand
1,head
1,demand
1,head
1,demand
1,head
1,demand
1,head
1,demand
1,head
1,demand
1,head
1,demand
1,head
1,demand
1,head
1,demand
1,head
1,demand
1,head
1,demand
1,head
1,demand
1,head
1,demand
1,head
1,demand
1,head
1,demand
1,head
1,demand
1,head
1,demand
1,head
1,demand
1,head
1,demand
1,head
1,demand
1,head
1,demand
1,head
1,demand
1,head
1,demand
1,head
1,demand
1,head
1,demand
1,head
1,demand
1,head
1,demand
1,head
1,demand
1,head
1,demand
1,head
1,demand
1,head
1,demand
1,head
1,demand
1,head
1,demand
1,head
1,demand
1,head
1,demand
1,head
1,demand
1,head
1,demand
1,head
1,demand
1,head
1,demand
1,head
1,demand
1,head
1,demand
1,head
1,demand
1,head
1,demand
1,head
1,demand
1,head
1,demand
1,head
1,demand
1,head
1,demand
1,head
1,demand
1,head
1,demand
1,head
1,demand
1,head
1,demand
1,head
1,demand
1,head
1,demand
1,head
1,demand
1,head
1,demand
1,head
1,demand
1,head
1,demand
1,head
1,demand
1,head
1,demand
1,head
1,demand
1,head
1,demand
1,head
1,demand
1,head
1,demand
1,head
1,demand
1,head
1,demand
1,head
1,demand
1,head
1,demand
1,head
1,demand
1,head
1,demand
1,head
1,demand
1,head
1,demand
1,head
1,demand
1,head
1,demand
1,head
1,demand
1,head
1,demand
1,head
1,demand
1,head
1,demand
1,head
1,demand
1,head
1,demand
1,head
1,demand
1,head
1,demand
1,head
1,demand
1,head
1,demand
1,head
1,demand
1,head
1,demand
1,head
1,demand
1,head
1,demand
1,head
1,demand
1,head
1,demand
1,head
1,demand
1,head
1,demand
1,head
1,demand
1,head
1,demand
1,head
1,demand
1,head
1,demand
1,head
1,demand
1,head
1,demand
1,head
1,demand
1,head
1,demand
1,head
1,demand
1,head
1,demand
1,head
1,demand
1,head
1,demand
1,head
1,demand
1,head
1,demand
1,head
1,demand
1,head
1,demand
1,head
1,demand
1,head
1,demand
1,head
1,demand
1,head
1,demand
1,head
1,demand
1,head
1,demand
1,head
1,demand
1,head
1,demand
1,head
1,demand
1,head
1,demand
1,head
1,demand
1,head
1,demand
1,head
1,demand
1,head
1,demand
1,head
1,demand
1,head
1,demand
1,head
1,demand
1,head
1,demand
1,head
1,demand
1,head
1,demand
1,head
1,demand
1,head
1,demand
1,head
1,demand
1,head
1,demand
1,head
1,demand
1,head
1,demand
1,head
1,demand
1,head
1,demand
1,head
1,demand
1,head
1,demand
1,head
1,demand
1,head
1,demand
1,head
1,demand
1,head
1,demand
1,head
1,demand
1,head
1,demand
1,head
1,demand
1,head
1,demand
1,head
1,demand
1,head
1,demand
1,head
1,demand
1,head
1,demand
1,head
1,demand
1,head
1,demand
1,head
1,demand
1,head
1,demand
1,head
1,demand
1,head
1,demand
1,head
1,demand
1,head
1,demand
1,head
1,demand
1,head
1,demand
1,head
1,demand
1,head
1,demand
1,head
1,demand
1,head
1,demand
1,head
1,demand
1,head
1,demand
1,head
1,demand
1,head
1,demand
1,head
1,demand
1,head
1,demand
1,head
1,demand
1,head
1,demand
1,head
1,demand
1,head
1,demand
1,head
1,demand
1,head
1,demand
1,head
1,demand
1,head
1,demand
1,head
1,demand
1,head
1,demand
1,head
1,demand
1,head
1,demand
1,head
1,demand
1,head
1,demand
1,head
1,demand
1,head
1,demand
1,head
1,demand
1,head
1,demand
1,head
1,demand
1,head
1,demand
1,head
1,demand
1,head
1,demand
1,head
1,demand
1,head
1,demand
1,head
1,demand
1,head
1,demand
1,head
1,demand
1,head
1,demand
1,head
1,demand
1,head
1,demand
1,head
1,demand
1,head
1,demand
1,head
1,demand
1,head
1,demand
1,head
1,demand
1,head
1,demand
1,head
1,demand
1,head
1,demand
1,head
1,demand
1,head
1,demand
1,head
1,demand
1,head
1,demand
1,head
1,demand
1,head
1,demand
1,head
1,demand
1,head
1,demand
1,head
1,demand
1,head
1,demand
1,head
1,demand
1,head
1,demand
1,head
1,demand
1,head
1,demand
1,head
1,demand
1,head
1,demand
1,head
1,demand
1,head
1,demand
1,head
1,demand
1,head
1,demand
1,head
1,demand
1,head
1,demand
1,head
1,demand
1,head
1,demand
1,head
1,demand
1,head
1,demand
1,head
1,demand
1,head
1,demand
1,head
1,demand
1,head
1,demand
1,head
1,demand
1,head
1,demand
1,head
1,demand
1,head
1,demand
1,head
1,demand
1,head
1,demand
1,head
1,demand
1,head
1,demand
1,head
1,demand
1,head
1,demand
1,head
1,demand
1,head
1,demand
1,head
1,demand
1,head
1,demand
1,head
1,demand
1,head
1,demand
1,head
1,demand
1,head
1,demand
1,head
1,demand
1,head
1,demand
1,head
1,demand
1,head
1,demand
1,head
1,demand
1,head
1,demand
1,head
1,demand
1,head
1,demand
1,head
1,demand
1,head
1,demand
1,head
1,demand
1,head
1,demand
1,head
1,demand
1,head
1,demand
1,head
1,demand
1,head
1,demand
1,head
1,demand
1,head
1,demand
1,head
1,demand
1,head
1,demand
1,head
1,demand
1,head
1,demand
1,head
1,demand
1,head
1,demand
1,head
1,demand
1,head
1,demand
1,head
1,demand
1,head
1,demand
1,head
1,demand
1,head
1,demand
1,head
1,demand
1,head
1,demand
1,head
1,demand
1,head
1,demand
1,head
1,demand
1,head
1,demand
1,head
1,demand
1,head
1,demand
1,head
1,demand
1,head
1,demand
1,head
1,demand
1,head
1,demand
1,head
1,demand
1,head
1,demand
1,head
1,demand
1,head
1,demand
1,head
1,demand
1,head
1,demand
1,head
1,demand
1,head
1,demand
1,head
1,demand
1,head
1,demand
1,head
1,demand
1,head
1,demand
1,head
1,demand
1,head
1,demand
1,head
1,demand
1,head
1,demand
1,head
1,demand
1,head
1,demand
1,head
1,demand
1,head
1,demand
1,head
1,demand
1,head
1,demand
1,head
1,demand
1,head
1,demand
1,head
1,demand
1,head
1,demand
1,head
1,demand
1,head
1,demand
1,head
1,demand
1,head
1,demand
1,head
1,demand
1,head
1,demand
1,head
1,demand
1,head
1,demand
1,head
1,demand
1,head
1,demand
1,head
1,demand
1,head
1,demand
1,head
1,demand
1,head
1,demand
1,head
1,demand
1,head
1,demand
1,head
1,demand
1,head
1,demand
1,head
1,demand
1,head
1,demand
1,head
1,demand
1,head
1,demand
1,head
1,demand
1,head
1,demand
1,head
1,demand
1,head
1,demand
1,head
1,demand
1,head
1,demand
1,head
1,demand
1,head
1,demand
1,head
1,demand
1,head
1,demand
1,head
1,demand
1,head
1,demand
1,head
1,demand
1,head
1,demand
1,head
1,demand
1,head
1,demand
1,head
1,demand
1,head
1,demand
1,head
1,demand
1,head
1,demand
1,head
1,demand
1,head
1,demand
1,head
1,demand
1,head
1,demand
1,head
1,demand
1,head
1,demand
1,head
1,demand
1,head
1,demand
1,head
1,demand
1,head
1,demand
1,head
1,demand
1,head
1,demand
1,head
1,demand
1,head
1,demand
1,head
1,demand
1,head
1,demand
1,head
1,demand
1,head
1,demand
1,head
1,demand
1,head
1,demand
1,head
1,demand
1,head
1,demand
1,head
1,demand
1,head
1,demand
1,head
1,demand
1,head
1,demand
1,head
1,demand
1,head
1,demand
1,head
1,demand
1,head
1,demand
1,head
1,demand
1,head
1,demand
1,head
1,demand
1,head
1,demand
1,head
1,demand
1,head
1,demand
1,head
1,demand
1,head
1,demand
1,head
1,demand
1,head
1,demand
1,head
1,demand
1,head
1,demand
1,head
1,demand
1,head
1,demand
1,head
1,demand
1,head
1,demand
1,head
1,demand
1,head
1,demand
1,head
1,demand
1,head
1,demand
1,head
1,demand
1,head
1,demand
1,head
1,demand
1,head
1,demand
1,head
1,demand
1,head
1,demand
1,head
1,demand
1,head
1,demand
1,head
1,demand
1,head
1,demand
1,head
1,demand
1,head
1,demand
1,head
1,demand
1,head
1,demand
1,head
1,demand
1,head
1,demand
1,head
1,demand
1,head
1,demand
1,head
1,demand
1,head
1,demand
1,head
1,demand
1,head
1,demand
1,head
1,demand
1,head
1,demand
1,head
1,demand
1,head
1,demand
1,head
1,demand
1,head
1,demand
1,head
1,demand
1,head
1,demand
1,head
1,demand
1,head
1,demand
1,head
1,demand
1,head
1,demand
1,head
1,demand
1,head
1,demand
1,head
1,demand
1,head
1,demand
1,head
1,demand
1,head
1,demand
1,head
1,demand
1,head
1,demand
1,head
1,demand
1,head
1,demand
1,head
1,demand
1,head
1,demand
1,head
1,demand
1,head
1,demand
1,head
1,demand
1,head
1,demand
1,head
1,demand
1,head
1,demand
1,head
1,demand
1,head
1,demand
1,head
1,demand
1,head
1,demand
1,head
1,demand
1,head
1,demand
1,head
1,demand
1,head
1,demand
1,head
1,demand
1,head
1,demand
1,head
1,demand
1,head
1,demand
1,head
1,demand
1,head
1,demand
1,head
1,demand
1,head
1,demand
1,head
1,demand
1,head
1,demand
1,head
1,demand
1,head
1,demand
1,head
1,demand
1,head
1,demand
1,head
1,demand
1,head
1,demand
1,head
1,demand
1,head
1,demand
1,head
1,demand
1,head
1,demand
1,head
1,demand
1,head
1,demand
1,head
1,demand
1,head
1,demand
1,head
1,demand
1,head
1,demand
1,head
1,demand
1,head
1,demand
1,head
1,demand
1,head
1,demand
1,head
1,demand
1,head
1,demand
1,head
1,demand
1,head
1,demand
1,head
1,demand
1,head
1,demand
1,head
1,demand
1,head
1,demand
1,head
1,demand
1,head
1,demand
1,head
1,demand
1,head
1,demand
1,head
1,demand
1,head
1,demand
1,head
1,demand
1,head
1,demand
1,head
1,demand
1,head
1,demand
1,head
1,demand
1,head
1,demand
1,head
1,demand
1,head
1,demand
1,head
1,demand
1,head
1,demand
1,head
1,demand
1,head
1,demand
1,head
1,demand
1,head
1,demand
1,head
1,demand
1,head
1,demand
1,head
1,demand
1,head
1,demand
1,head
1,demand
1,head
1,demand
1,head
1,demand
1,head
1,demand
1,head
1,demand
1,head
1,demand
1,head
1,demand
1,head
1,demand
1,head
1,demand
1,head
1,demand
1,head
1,demand
1,head
1,demand
1,head
1,demand
1,head
1,demand
1,head
1,demand
1,head
1,demand
1,head
1,demand
1,head
1,demand
1,head
1,demand
1,head
1,demand
1,head
1,demand
1,head
1,demand
1,head
1,demand
1,head
1,demand
1,head
1,demand
1,head
1,demand
1,head
1,demand
1,head
1,demand
1,head
1,demand
1,head
1,demand
1,head
1,demand
1,head
1,demand
1,head
1,demand
1,head
1,demand
1,head
1,demand
1,head
1,demand
1,head
1,demand
1,head
1,demand
1,head
1,demand
1,head
1,demand
1,head
1,demand
1,head
1,demand
1,head
1,demand
1,head
1,demand
1,head
1,demand
1,head
1,demand
1,head
1,demand
1,head
1,demand
1,head
1,demand
1,head
1,demand
1,head
1,demand
1,head
1,demand
1,head
1,demand
1,head
1,demand
1,head
1,demand
1,head
1,demand
1,head
1,demand
1,head
1,demand
1,head
1,demand
1,head
1,demand
1,head
1,demand
1,head
1,demand
1,head
1,demand
1,head
1,demand
1,head
1,demand
1,head
1,demand
1,head
1,demand
1,head
1,demand
1,head
1,demand
1,head
1,demand
1,head
1,demand
1,head
1,demand
1,head
1,demand
1,head
1,demand
1,head
1,demand
1,head
1,demand
1,head
1,demand
1,head
1,demand
1,head
1,demand
1,head
1,demand
1,head
1,demand
1,head
1,demand
1,head
1,demand
1,head
1,demand
1,head
1,demand
1,head
1,demand
1,head
1,demand
1,head
1,demand
1,head
1,demand
1,head
1,demand
1,head
1,demand
1,head
1,demand
1,head
1,demand
1,head
1,demand
1,head
1,demand
1,head
1,demand
1,head
1,demand
1,head
1,demand
1,head
1,demand
1,head
1,demand
1,head
1,demand
1,head
1,demand
1,head
1,demand
1,head
1,demand
1,head
1,demand
1,head
1,demand
1,head
1,demand
1,head
1,demand
1,head
1,demand
1,head
1,demand
1,head
1,demand
1,head
1,demand
1,head
1,demand
1,head
1,demand
1,head
1,demand
1,head
1,demand
1,head
1,demand
1,head
1,demand
1,head
1,demand
1,head
1,demand
1,head
1,demand
1,head
1,demand
1,head
1,demand
1,head
1,demand
1,head
1,demand
1,head
1,demand
1,head
1,demand
1,head
1,demand
1,head
1,demand
1,head
1,demand
1,head
1,demand
1,head
1,demand
1,head
1,demand
1,head
1,demand
1,head
1,demand
1,head
1,demand
1,head
1,demand
1,head
1,demand
1,head
1,demand
1,head
1,demand
1,head
1,demand
1,head
1,demand
1,head
1,demand
1,head
1,demand
1,head
1,demand
1,head
1,demand
1,head
1,demand
1,head
1,demand
1,head
1,demand
1,head
1,demand
1,head
1,demand
1,head
1,demand
1,head
1,demand
1,head
1,demand
1,head
1,demand
1,head
1,demand
1,head
1,demand
1,head
1,demand
1,head
1,demand
1,head
1,demand
1,head
1,demand
1,head
1,demand
1,head
1,demand
1,head
1,demand
1,head
1,demand
1,head
1,demand
1,head
1,demand
1,head
1,demand
1,head
1,demand
1,head
1,demand
1,head
1,demand
1,head
1,demand
1,head
1,demand
1,head
1,demand
1,head
1,demand
1,head
1,demand
1,head
1,demand
1,head
1,demand
1,head
1,demand
1,head
1,demand
1,head
1,demand
1,head
1,demand
1,head
1,demand
1,head
1,demand
1,head
1,demand
1,head
1,demand
1,head
1,demand
1,head
1,demand
1,head
1,demand
1,head
1,demand
1,head
1,demand
1,head
1,demand
1,head
1,demand
1,head
1,demand
1,head
1,demand
1,head
1,demand
1,head
1,demand
1,head
1,demand
1,head
1,demand
1,head
1,demand
1,head
1,demand
1,head
1,demand
1,head
1,demand
1,head
1,demand
1,head
1,demand
1,head
1,demand
1,head
1,demand
1,head
1,demand
1,head
1,demand
1,head
1,demand
1,head
1,demand
1,head
1,demand
1,head
1,demand
1,head
1,demand
1,head
1,demand
1,head
1,demand
1,head
1,demand
1,head
1,demand
1,head
1,demand
1,head
1,demand
1,head
1,demand
1,head
1,demand
1,head
1,demand
1,head
1,demand
1,head
1,demand
1,head
1,demand
1,head
1,demand
1,head
1,demand
1,head
1,demand
1,head
1,demand
1,head
1,demand
1,head
1,demand
1,head
1,demand
1,head
1,demand
1,head
1,demand
1,head
1,demand
1,head
1,demand
1,head
1,demand
1,head
1,demand
1,head
1,demand
1,head
1,demand
1,head
1,demand
1,head
1,demand
1,head
1,demand
1,head
1,demand
1,head
1,demand
1,head
1,demand
1,head
1,demand
1,head
1,demand
1,head
1,demand
1,head
1,demand
1,head
1,demand
1,head
1,demand
1,head
1,demand
1,head
1,demand
1,head
1,demand
1,head
1,demand
1,head
1,demand
1,head
1,demand
1,head
1,demand
1,head
1,demand
1,head
1,demand
1,head
1,demand
1,head
1,demand
1,head
1,demand
1,head
1,demand
1,head
1,demand
1,head
1,demand
1,head
1,demand
1,head
1,demand
1,head
1,demand
1,head
1,demand
1,head
1,demand
1,head
1,demand
1,head
1,demand
1,head
1,demand
1,head
1,demand
1,head
1,demand
1,head
1,demand
1,head
1,demand
1,head
1,demand
1,head
1,demand
1,head
1,demand
1,head
1,demand
1,head
1,demand
1,head
1,demand
1,head
1,demand
1,head
1,demand
1,head
1,demand
1,head
1,demand
1,head
1,demand
1,head
1,demand
1,head
1,demand
1,head
1,demand
1,head
1,demand
1,head
1,demand
1,head
1,demand
1,head
1,demand
1,head
1,demand
1,head
1,demand
1,head
1,demand
1,head
1,demand
1,head
1,demand
1,head
1,demand
1,head
1,demand
1,head
1,demand
1,head
1,demand
1,head
1,demand
1,head
1,demand
1,head
1,demand
1,head
1,demand
1,head
1,demand
1,head
1,demand
1,head
1,demand
1,head
1,demand
1,head
1,demand
1,head
1,demand
1,head
1,demand
1,head
1,demand
1,head
1,demand
1,head
1,demand
1,head
1,demand
1,head
1,demand
1,head
1,demand
1,head
1,demand
1,head
1,demand
1,head
1,demand
1,head
1,demand
1,head
1,demand
1,head
1,demand
1,head
1,demand
1,head
1,demand
1,head
1,demand
1,head
1,demand
1,head
1,demand
1,head
1,demand
1,head
1,demand
1,head
1,demand
1,head
1,demand
1,head
1,demand
1,head
1,demand
1,head
1,demand
1,head
1,demand
1,head
1,demand
1,head
1,demand
1,head
1,demand
1,head
1,demand
1,head
1,demand
1,head
1,demand
1,head
1,demand
1,head
1,demand
1,head
1,demand
1,head
1,demand
1,head
1,demand
1,head
1,demand
1,head
1,demand
1,head
1,demand
1,head
1,demand
1,head
1,demand
1,head
1,demand
1,head
1,demand
1,head
1,demand
1,head
1,demand
1,head
1,demand
1,head
1,demand
1,head
1,demand
1,head
1,demand
1,head
1,demand
1,head
1,demand
1,head
1,demand
1,head
1,demand
1,head
1,demand
1,head
1,demand
1,head
1,demand
1,head
1,demand
1,head
1,demand
1,head
1,demand
1,head
1,demand
1,head
1,demand
1,head
1,demand
1,head
1,demand
1,head
1,demand
1,head
1,demand
1,head
1,demand
1,head
1,demand
1,head
1,demand
1,head
1,demand
1,head
1,demand
1,head
1,demand
1,head
1,demand
1,head
1,demand
1,head
1,demand
1,head
1,demand
1,head
1,demand
1,head
1,demand
1,head
1,demand
1,head
1,demand
1,head
1,demand
1,head
1,demand
1,head
1,demand
1,head
1,demand
1,head
1,demand
1,head
1,demand
1,head
1,demand
1,head
1,demand
1,head
1,demand
1,head
1,demand
1,head
1,demand
1,head
1,demand
1,head
1,demand
1,head
1,demand
1,head
1,demand
1,head
1,demand
1,head
1,demand
1,head
1,demand
1,head
1,demand
1,head
1,demand
1,head
1,demand
1,head
1,demand
1,head
1,demand
1,head
1,demand
1,head
1,demand
1,head
1,demand
1,head
1,demand
1,head
1,demand
1,head
1,demand
1,head
1,demand
1,head
1,demand
1,head
1,demand
1,head
1,demand
1,head
1,demand
1,head
1,demand
1,head
1,demand
1,head
1,demand
1,head
1,demand
1,head
1,demand
1,head
1,demand
1,head
1,demand
1,head
1,demand
1,head
1,demand
1,head
1,demand
1,head
1,demand
1,head
1,demand
1,head
1,demand
1,head
1,demand
1,head
1,demand
1,head
1,demand
1,head
1,demand
1,head
1,demand
1,head
1,demand
1,head
1,demand
1,head
1,demand
1,head
1,demand
1,head
1,demand
1,head
1,demand
1,head
1,demand
1,head
1,demand
1,head
1,demand
1,head
1,demand
1,head
1,demand
1,head
1,demand
1,head
1,demand
1,head
1,demand
1,head
1,demand
1,head
1,demand
1,head
1,demand
1,head
1,demand
1,head
1,demand
1,head
1,demand
1,head
1,demand
1,head
1,demand
1,head
1,demand
1,head
1,demand
1,head
1,demand
1,head
1,demand
1,head
1,demand
1,head
1,demand
1,head
1,demand
1,head
1,demand
1,head
1,demand
1,head
1,demand
1,head
1,demand
1,head
1,demand
1,head
1,demand
1,head
1,demand
1,head
1,demand
1,head
1,demand
1,head
1,demand
1,head
1,demand
1,head
1,demand
1,head
1,demand
1,head
1,demand
1,head
1,demand
1,head
1,demand
1,head
1,demand
1,head
1,demand
1,head
1,demand
1,head
1,demand
1,head
1,demand
1,head
1,demand
1,head
1,demand
1,head
1,demand
1,head
1,demand
1,head
1,demand
1,head
1,demand
1,head
1,demand
1,head
1,demand
1,head
1,demand
1,head
1,demand
1,head
1,demand
1,head
1,demand
1,head
1,demand
1,head
1,demand
1,head
1,demand
1,head
1,demand
1,head
1,demand
1,head
1,demand
1,head
1,demand
1,head
1,demand
1,head
1,demand
1,head
1,demand
1,head
1,demand
1,head
1,demand
1,head
1,demand
1,head
1,demand
1,head
1,demand
1,head
1,demand
1,head
1,demand
1,head
1,demand
1,head
1,demand
1,head
1,demand
1,head
1,demand
1,head
1,demand
1,head
1,demand
1,head
1,demand
1,head
1,demand
1,head
1,demand
1,head
1,demand
1,head
1,demand
1,head
1,demand
1,head
1,demand
1,head
1,demand
1,head
1,demand
1,head
1,demand
1,head
1,demand
1,head
1,demand
1,head
1,demand
1,head
1,demand
1,head
1,demand
1,head
1,demand
1,head
1,demand
1,head
1,demand
1,head
1,demand
1,head
1,demand
1,head
1,demand
1,head
1,demand
1,head
1,demand
1,head
1,demand
1,head
1,demand
1,head
1,demand
1,head
1,demand
1,head
1,demand
1,head
1,demand
1,head
1,demand
1,head
1,demand
1,head
1,demand
1,head
1,demand
1,head
1,demand
1,head
1,demand
1,head
1,demand
1,head
1,demand
1,head
1,demand
1,head
1,demand
1,head
1,demand
1,head
1,demand
1,head
1,demand
1,head
1,demand
1,head
1,demand
1,head
1,demand
1,head
1,demand
1,head
1,demand
1,head
1,demand
1,head
1,demand
1,head
1,demand
1,head
1,demand
1,head
1,demand
1,head
1,demand
1,head
1,demand
1,head
1,demand
1,head
1,demand
1,head
1,demand
1,head
1,demand
1,head
1,demand
1,head
1,demand
1,head
1,demand
1,head
1,demand
1,head
1,demand
1,head
1,demand
1,head
1,demand
1,head
1,demand
1,head
1,demand
1,head
1,demand
1,head
1,demand
1,head
1,demand
1,head
1,demand
1,head
1,demand
1,head
1,demand
1,head
1,demand
1,head
1,demand
1,head
1,demand
1,head
1,demand
1,head
1,demand
1,head
1,demand
1,head
1,demand
1,head
1,demand
1,head
1,demand
1,head
1,demand
1,head
1,demand
1,head
1,demand
1,head
1,demand
1,head
1,demand
1,head
1,demand
1,head
1,demand
1,head
1,demand
1,head
1,demand
1,head
1,demand
1,head
1,demand
1,head
1,demand
1,head
1,demand
1,head
1,demand
1,head
1,demand
1,head
1,demand
1,head
1,demand
1,head
1,demand
1,head
1,demand
1,head
1,demand
1,head
1,demand
1,head
1,demand
1,head
1,demand
1,head
1,demand
1,head
1,demand
1,head
1,demand
1,head
1,demand
1,head
1,demand
1,head
1,demand
1,head
1,demand
1,head
1,demand
1,head
1,demand
1,head
1,demand
1,head
1,demand
1,head
1,demand
1,head
1,demand
1,head
1,demand
1,head
1,demand
1,head
1,demand
1,head
1,demand
1,head
1,demand
1,head
1,demand
1,head
1,demand
1,head
1,demand
1,head
1,demand
1,head
1,demand
1,head
1,demand
1,head
1,demand
1,head
1,demand
1,head
1,demand
1,head
1,demand
1,head
1,demand
1,head
1,demand
1,head
1,demand
1,head
1,demand
1,head
1,demand
1,head
1,demand
1,head
1,demand
1,head
1,demand
1,head
1,demand
1,head
1,demand
1,head
1,demand
1,head
1,demand
1,head
1,demand
1,head
1,demand
1,head
1,demand
1,head
1,demand
1,head
1,demand
1,head
1,demand
1,head
1,demand
1,head
1,demand
1,head
1,demand
1,head
1,demand
1,head
1,demand
1,head
1,demand
1,head
1,demand
1,head
1,demand
1,head
1,demand
1,head
1,demand
1,head
1,demand
1,head
1,demand
1,head
1,demand
1,head
1,demand
1,head
1,demand
1,head
1,demand
1,head
1,demand
1,head
1,demand
1,head
1,demand
1,head
1,demand
1,head
1,demand
1,head
1,demand
1,head
1,demand
1,head
1,demand
1,head
1,demand
1,head
1,demand
1,head
1,demand
1,head
1,demand
1,head
1,demand
1,head
1,demand
1,head
1,demand
1,head
1,demand
1,head
1,demand
1,head
1,demand
1,head
1,demand
1,head
1,demand
1,head
1,demand
1,head
1,demand
1,head
1,demand
1,head
1,demand
1,head
1,demand
1,head
1,demand
1,head
1,demand
1,head
1,demand
1,head
1,demand
1,head
1,demand
1,head
1,demand
1,head
1,demand
1,head
1,demand
1,head
1,demand
1,head
1,demand
1,head
1,demand
1,head
1,demand
1,head
1,demand
1,head
1,demand
1,head
1,demand
1,head
1,demand
1,head
1,demand
1,head
1,demand
1,head
1,demand
1,head
1,demand
1,head
1,demand
1,head
1,demand
1,head
1,demand
1,head
1,demand
1,head
1,demand
1,head
1,demand
1,head
1,demand
1,head
1,demand
1,head
1,demand
1,head
1,demand
1,head
1,demand
1,head
1,demand
1,head
1,demand
1,head
1,demand
1,head
1,demand
1,head
1,demand
1,head
1,demand
1,head
1,demand
1,head
1,demand
1,head
1,demand
1,head
1,demand
1,head
1,demand
1,head
1,demand
1,head
1,demand
1,head
1,demand
1,head
1,demand
1,head
1,demand
1,head
1,demand
1,head
1,demand
1,head
1,demand
1,head
1,demand
1,head
1,demand
1,head
1,demand
1,head
1,demand
1,head
1,demand
1,head
1,demand
1,head
1,demand
1,head
1,demand
1,head
1,demand
1,head
1,demand
1,head
1,demand
1,head
1,demand
1,head
1,demand
1,head
1,demand
1,head
1,demand
1,head
1,demand
1,head
1,demand
1,head
1,demand
1,head
1,demand
1,head
1,demand
1,head
1,demand
1,head
1,demand
1,head
1,demand
1,head
1,demand
1,head
1,demand
1,head
1,demand
1,head
1,demand
1,head
1,demand
1,head
1,demand
1,head
1,demand
1,head
1,demand
1,head
1,demand
1,head
1,demand
1,head
1,demand
1,head
1,demand
1,head
1,demand
1,head
1,demand
1,head
1,demand
1,head
1,demand
1,head
1,demand
1,head
1,demand
1,head
1,demand
1,head
1,demand
1,head
1,demand
1,head
1,demand
1,head
1,demand
1,head
1,demand
1,head
1,demand
1,head
1,demand
1,head
1,demand
1,head
1,demand
1,head
1,demand
1,head
1,demand
1,head
1,demand
1,head
1,demand
1,head
1,demand
1,head
1,demand
1,head
1,demand
1,head
1,demand
1,head
1,demand
1,head
1,demand
1,head
1,demand
1,head
1,demand
1,head
1,demand
1,head
1,demand
1,head
1,demand
1,head
1,demand
1,head
1,demand
1,head
1,demand
1,head
1,demand
1,head
1,demand
1,head
1,demand
1,head
1,demand
1,head
1,demand
1,head
1,demand
1,head
1,demand
1,head
1,demand
1,head
1,demand
1,head
1,demand
1,head
1,demand
1,head
1,demand
1,head
1,demand
1,head
1,demand
1,head
1,demand
1,head
1,demand
1,head
1,demand
1,head
1,demand
1,head
1,demand
1,head
1,demand
1,head
1,demand
1,head
1,demand
1,head
1,demand
1,head
1,demand
1,head
1,demand
1,head
1,demand
1,head
1,demand
1,head
1,demand
1,head
1,demand
1,head
1,demand
1,head
1,demand
1,head
1,demand
1,head
1,demand
1,head
1,demand
1,head
1,demand
1,head
1,demand
1,head
1,demand
1,head
1,demand
1,head
1,demand
1,head
1,demand
1,head
1,demand
1,head
1,demand
1,head
1,demand
1,head
1,demand
1,head
1,demand
1,head
1,demand
1,head
1,demand
1,head
1,demand
1,head
1,demand
1,head
1,demand
1,head
1,demand
1,head
1,demand
1,head
1,demand
1,head
1,demand
1,head
1,demand
1,head
1,demand
1,head
1,demand
1,head
1,demand
1,head
1,demand
1,head
1,demand
1,head
1,demand
1,head
1,demand
1,head
1,demand
1,head
1,demand
1,head
1,demand
1,head
1,demand
1,head
1,demand
1,head
1,demand
1,head
1,demand
1,head
1,demand
1,head
1,demand
1,head
1,demand
1,head
1,demand
1,head
1,demand
1,head
1,demand
1,head
1,demand
1,head
1,demand
1,head
1,demand
1,head
1,demand
1,head
1,demand
1,head
1,demand
1,head
1,demand
1,head
1,demand
1,head
1,demand
1,head
1,demand
1,head
1,demand
1,head
1,demand
1,head
1,demand
1,head
1,demand
1,head
1,demand
1,head
1,demand
1,head
1,demand
1,head
1,demand
1,head
1,demand
1,head
1,demand
1,head
1,demand
1,head
1,demand
1,head
1,demand
1,head
1,demand
1,head
1,demand
1,head
1,demand
1,head
1,demand
1,head
1,demand
1,head
1,demand
1,head
1,demand
1,head
1,demand
1,head
1,demand
1,head
1,demand
1,head
1,demand
1,head
1,demand
1,head
1,demand
1,head
1,demand
1,head
1,demand
1,head
1,demand
1,head
1,demand
1,head
1,demand
1,head
1,demand
1,head
1,demand
1,head
1,demand
1,head
1,demand
1,head
1,demand
1,head
1,demand
1,head
1,demand
1,head
1,demand
1,head
1,demand
1,head
1,demand
1,head
1,demand
1,head
1,demand
1,head
1,demand
1,head
1,demand
1,head
1,demand
1,head
1,demand
1,head
1,demand
1,head
1,demand
1,head
1,demand
1,head
1,demand
1,head
1,demand
1,head
1,demand
1,head
1,demand
1,head
1,demand
1,head
1,demand
1,head
1,demand
1,head
1,demand
1,head
1,demand
1,head
1,demand
1,head
1,demand
1,head
1,demand
1,head
1,demand
1,head
1,demand
1,head
1,demand
1,head
1,demand
1,head
1,demand
1,head
1,demand
1,head
1,demand
1,head
1,demand
1,head
1,demand
1,head
1,demand
1,head
1,demand
1,head
1,demand
1,head
1,demand
1,head
1,demand
1,head
1,demand
1,head
1,demand
1,head
1,demand
1,head
1,demand
1,head
1,demand
1,head
1,demand
1,head
1,demand
1,head
1,demand
1,head
1,demand
1,head
1,demand
1,head
1,demand
1,head
1,demand
1,head
1,demand
1,head
